codigo,descripcion,categoria,precioPublico,costo,stock
905001,CAMPERA BELOW ZERO,ABRIGOS,"$199.990,00","$10.490,00",0
845017,CAMPERA CORDERITO,ABRIGOS,"$99.990,00","$12.565,00",0
675004,CAMPERA CORDERITO,ABRIGOS,"$139.990,00","$12.565,00",0
845005,CHALECO CON VIVOS,ABRIGOS,"$159.990,00","$56.000,00",0
845230,CHALECO NYLON,ABRIGOS,"$159.990,00","$56.000,00",-1
845223,CHALECO SAINT PAUL,ABRIGOS,"$159.990,00","$56.000,00",1
845415,CHALECO COLUMBUS,ABRIGOS,"$159.990,00","$56.085,00",-1
845810,CAMPERA PUFFER SELLERS,ABRIGOS,"$198.990,00","$59.288,00",5
905603,CHALECO AUSTIN,ABRIGOS,"$159.990,00","$60.434,00",1
905602,CAMPERA AUSTIN,ABRIGOS,"$199.990,00","$64.782,00",-2
905804,CHALECO PUFFER BOONE,ABRIGOS,"$159.990,00","$64.782,00",1
845012,PARKA GABARDINA,ABRIGOS,"$169.990,00","$73.908,70",0
845222,CAMPERA ATLANTA,ABRIGOS,"$199.990,00","$74.990,00",1
285401,CAMPERA AUSTIN,ABRIGOS,"$199.990,00","$74.990,00",2
425402,CAMPERA BEVERLY,ABRIGOS,"$199.990,00","$74.990,00",1
905002,CAMPERA BLACK ICE,ABRIGOS,"$199.990,00","$74.990,00",1
425401,CAMPERA VEGAS,ABRIGOS,"$250.000,00","$74.990,00",1
845417,CHALECO DETROIT,ABRIGOS,"$159.990,00","$74.990,00",1
845414,CHALECO VIRGINIA,ABRIGOS,"$159.990,00","$74.990,00",0
425203,PARKA MALIBU,ABRIGOS,"$220.000,00","$74.990,00",0
845220,PARKA PORTLAND,ABRIGOS,"$169.990,00","$74.990,00",2
905601,CAMPERA BELOW ZERO,ABRIGOS,"$220.000,00","$82.173,00",-1
905806,CAMPERA PUFFER PECK,ABRIGOS,"$198.990,00","$86.086,00",5
905202,CAMPERA BLACK ICE,ABRIGOS,"$199.990,00","$86.952,17",0
905801,CAMPERA PUFFER CHOMB HACKMAN,ABRIGOS,"$218.990,00","$95.217,00",1
845808,TAPADO CITIZEN,ABRIGOS,"$297.990,00",##########,0
234905,BOXER,ACCESORIOS,"$19.990,00","$8.652,00",2
405702,BOXER CROSS,ACCESORIOS,"$19.990,00","$8.652,00",1
405703,BOXER LEAVES,ACCESORIOS,"$19.990,00","$8.652,00",3
590001,BOXER LISO,ACCESORIOS,"$19.990,00","$8.652,00",10
405701,BOXER LISO,ACCESORIOS,"$19.990,00","$8.652,00",7
405801,BOXER LISO,ACCESORIOS,"$19.990,00","$8.652,00",5
405101,BOXER LISO,ACCESORIOS,"$19.990,00","$8.652,00",3
405501,BOXER LISO,ACCESORIOS,"$19.990,00","$8.652,00",0
595405,BOXER LISO,ACCESORIOS,"$19.990,00","$8.652,00",-3
595405,BOXER LISO,ACCESORIOS,"$19.990,00","$8.652,00",-3
400001,BOXER LISO,ACCESORIOS,"$19.990,00","$8.652,00",-4
405503,BOXER LUNARES,ACCESORIOS,"$19.990,00","$8.652,00",0
400002,BOXER RAYADO,ACCESORIOS,"$19.990,00","$8.652,00",10
370002,BOXER RAYADO,ACCESORIOS,"$19.990,00","$8.652,00",5
570002,BOXER RAYADO,ACCESORIOS,"$19.990,00","$8.652,00",0
405804,BOXER RAYADO,ACCESORIOS,"$19.990,00","$8.652,00",0
405102,BOXER RAYADO,ACCESORIOS,"$19.990,00","$8.652,00",-3
595406,BOXER RAYAS,ACCESORIOS,"$19.990,00","$8.652,00",7
405502,BOXER RAYO,ACCESORIOS,"$19.990,00","$8.652,00",0
855801,SOQUETE PACK 2,ACCESORIOS,"$19.990,00","$8.652,00",7
915801,BUFANDA CHALTEN,ACCESORIOS,"$21.990,00","$9.521,00",1
525102,SOQUETE BASIC PACK,ACCESORIOS,"$21.990,00","$9.521,00",2
524902,SOQUETE COMBINADO PACK,ACCESORIOS,"$21.990,00","$9.521,00",1
524901,SOQUETE LISO PACK,ACCESORIOS,"$21.990,00","$9.521,00",0
855701,SOQUETES PACK X 2,ACCESORIOS,"$21.990,00","$9.521,00",0
855802,MEDIAS PACK COLOR X 2,ACCESORIOS,"$23.990,00","$10.390,00",6
235702,GORRA LISA MEDELLIN,ACCESORIOS,"$32.990,00","$10.826,00",-1
235703,GORRA TRUCKER CALI,ACCESORIOS,"$32.990,00","$10.826,00",1
235501,GORRA GASTADA,ACCESORIOS,"$29.990,00","$10.829,00",-4
235002,GORRA JOIN LIFE,ACCESORIOS,"$29.990,00","$10.829,00",0
235008,GORRA MOUNTAIN,ACCESORIOS,"$29.990,00","$10.829,00",-1
234903,GORRO TIGER,ACCESORIOS,"$29.990,00","$10.829,00",0
525615,GORRO USUAHIA,ACCESORIOS,"$19.990,00","$10.829,00",1
275501,OJOTAS ISO,ACCESORIOS,"$34.990,00","$12.490,00",2
235701,GORRA GASTADA CARTAGENA,ACCESORIOS,"$33.999,00","$12.565,00",0
325802,CINTO NOBUK,ACCESORIOS,"$39.990,00","$13.000,00",0
235606,RIÑONERA PRAGA,ACCESORIOS,"$49.900,00","$13.000,00",-1
235901,GORRA GASTADA CARTAGENA,ACCESORIOS,"$32.990,00","$13.869,00",3
235904,GORRA LISA BAIRES,ACCESORIOS,"$33.990,00","$13.869,00",3
235903,GORRA TRUCKER CALI,ACCESORIOS,"$29.990,00","$13.869,00",3
525616,BUFANDA ESCANDINAVA,ACCESORIOS,"$38.500,00","$16.042,00",0
235905,NECESER DOUBLE ZIP,ACCESORIOS,"$39.990,00","$16.042,00",2
235909,RIÑONERA CANVAS LUKE,ACCESORIOS,"$39.990,00","$16.042,00",1
235805,NECESER DOUBLE ZIP,ACCESORIOS,"$39.990,00","$16.958,00",2
230002,BILLETERA CON CIERRE,ACCESORIOS,"$44.990,00","$17.347,00",6
235006,BILLETERA RAYADA,ACCESORIOS,"$42.990,00","$17.347,00",0
235704,PORTACELULARES CANES,ACCESORIOS,"$39.990,00","$17.347,00",0
235301,RIÑONERA AIRBORN,ACCESORIOS,"$49.900,00","$17.347,00",0
234904,,ACCESORIOS,"$42.990,00","$17.347,00",-1
230001,BILLETERA CON TARJETERO,ACCESORIOS,"$46.990,00","$19.347,00",7
235907,RIÑONERA AIRBORN,ACCESORIOS,"$49.900,00","$20.391,00",3
235607,RIÑONERA AIRBORN,ACCESORIOS,"$46.990,00","$21.304,00",0
235908,RIÑONERA PIPA,ACCESORIOS,"$53.900,00","$23.000,00",1
235603,BANDOLERA HELSINKI,ACCESORIOS,"$57.990,00","$23.869,00",0
235614,BANDOLERA LISBOA,ACCESORIOS,"$67.990,00","$28.217,00",0
235706,NECESER MONACO,ACCESORIOS,"$64.990,00","$28.217,00",0
235813,BANDOLERA TRAVELER,ACCESORIOS,"$65.990,00","$28.652,00",0
235808,NECESER BAND,ACCESORIOS,"$65.990,00","$28.652,00",0
325801,CINTO CUERO CLASICO,ACCESORIOS,"$44.990,00","$29.464,00",3
216801,PERFUME AIRBORN,ACCESORIOS,"$69.990,00","$30.000,00",-10
106801,PERFUME AIRBORN BLACK,ACCESORIOS,"$69.990,00","$30.000,00",16
106802,PERFUME AIRBORN BLUE,ACCESORIOS,"$69.990,00","$30.000,00",10
235902,MOCHILA OSLO,ACCESORIOS,"$69.990,00","$30.391,00",3
235913,BOLSO CANVAS LUKE,ACCESORIOS,"$74.990,00","$32.564,00",3
235602,MOCHILA ESTOCOLMO,ACCESORIOS,"$98.990,00","$34.739,00",0
235812,BOLSA URBAN,ACCESORIOS,"$88.990,00","$38.695,00",1
230005,MOCHILA COMBINADA,ACCESORIOS,"$98.990,00","$43.043,00",1
295506,BERMUDA BLACK GIN,BERMUDAS,"$89.990,00","$28.217,00",3
844902,BERMUDA CAMO,BERMUDAS,"$89.990,00","$28.217,00",0
904306,BERMUDA CAMUFLADA,BERMUDAS,"$89.990,00","$28.217,00",0
295110,BERMUDA CARGO,BERMUDAS,"$89.990,00","$28.217,00",0
295514,BERMUDA CARGO DENIM,BERMUDAS,"$89.990,00","$28.217,00",3
290010,BERMUDA DARK HAWK,BERMUDAS,"$89.990,00","$28.217,00",12
295305,BERMUDA DARK ICE BREAK,BERMUDAS,"$89.990,00","$28.217,00",3
294917,BERMUDA EAGLE,BERMUDAS,"$89.990,00","$28.217,00",0
295114,BERMUDA ICE BREAK,BERMUDAS,"$89.990,00","$28.217,00",3
290009,BERMUDA LIGHT HAWK,BERMUDAS,"$89.990,00","$28.217,00",3
295306,BERMUDA LIGHT SNOW,BERMUDAS,"$89.990,00","$28.217,00",2
295109,BERMUDA MILITAR,BERMUDAS,"$89.990,00","$28.217,00",0
294911,BERMUDA MISSI,BERMUDAS,"$89.990,00","$28.217,00",0
294912,BERMUDA MISSI LIGHT,BERMUDAS,"$89.990,00","$28.217,00",0
844901,BERMUDA PLAIN,BERMUDAS,"$89.990,00","$28.217,00",3
295303,BERMUDA SHARK,BERMUDAS,"$89.990,00","$28.217,00",4
295306,BERMUDA SHARK,BERMUDAS,"$89.990,00","$28.217,00",2
295103,BERMUDA SNOW HAWK,BERMUDAS,"$89.990,00","$28.217,00",0
294913,BERMUDA JOGGER,BERMUDAS,"$89.990,00","$30.000,00",1
295120,BERMUDA JOGGER LIGHT HAWK,BERMUDAS,"$89.990,00","$30.000,00",1
290011,BERMUDA JOGGER MILITAR,BERMUDAS,"$89.990,00","$30.000,00",13
845505,BERMUDA JOGGER PREMIUM,BERMUDAS,"$89.990,00","$30.000,00",3
845312,BERMUDA LINO JOGGER,BERMUDAS,"$98.990,00","$30.000,00",3
845304,BERMUDA LINO JOGGER,BERMUDAS,"$98.990,00","$30.000,00",-1
295738,BERMUDA ANGIE,BERMUDAS,"$89.990,00","$34.347,00",1
845708,BERMUDA CARGO CALIFORNIA,BERMUDAS,"$89.990,00","$34.347,00",1
945904,BERMUDA CARGO WAYNE,BERMUDAS,"$89.990,00","$34.347,00",17
845107,BERMUDA CHINA,BERMUDAS,"$89.990,00","$34.347,00",6
844919,BERMUDA CHINO BASIC,BERMUDAS,"$89.990,00","$34.347,00",1
945903,BERMUDA CHINO BIRMIN,BERMUDAS,"$89.990,00","$34.347,00",33
845709,BERMUDA CHINO LINO BAHIA,BERMUDAS,"$98.990,00","$34.347,00",7
845504,BERMUDA CHINO PREMIUM,BERMUDAS,"$89.990,00","$34.347,00",26
295732,BERMUDA DAD ANGUS,BERMUDAS,"$89.990,00","$34.347,00",3
425908,BERMUDA JOGGER LINO TRAVIS,BERMUDAS,"$98.990,00","$34.347,00",21
845707,BERMUDA JOGGER PIPA,BERMUDAS,"$89.990,00","$34.347,00",5
295736,BERMUDA SKADI,BERMUDAS,"$89.990,00","$34.347,00",0
845302,BERMUDAS GABARDINA,BERMUDAS,"$89.990,00","$34.347,00",1
844913,BERMUDA LISA,BERMUDAS,"$89.990,00","$34.348,00",1
415904,BERMUDA CHINO KENNETH,BERMUDAS,"$89.990,00","$38.695,00",14
295935,BERMUDA DARLING,BERMUDAS,"$89.990,00","$38.695,00",4
295942,BERMUDA REGULAR BRIAN,BERMUDAS,"$89.990,00","$38.695,00",3
905702,BERMUDA JOGGER LINO MIAMI,BERMUDAS,"$98.990,00","$43.042,00",0
845721,BERMUDA JOGGER LINO,BERMUDAS,"$89.990,00","$44.500,00",0
905904,BERMUDA CARGO LINO TOM,BERMUDAS,"$108.990,00","$47.391,00",7
400001,BOXER LISO,BOXER,"$19.990,00","$8.652,00",-4
150002,BUZO WAFFLE,BUZOS,"$89.990,00","$23.869,00",7
155109,BUZO WAFFLE,BUZOS,"$89.990,00","$23.869,00",3
154920,BUZO WAFFLE,BUZOS,"$89.990,00","$23.869,00",2
675403,HOODIE BASIC RUSTICO PIMA,BUZOS,"$89.990,00","$26.000,00",2
335020,HOODIE MILITAR,BUZOS,"$89.990,00","$26.000,00",0
675108,HOODIE RUSTICO ISO,BUZOS,"$89.990,00","$26.000,00",3
675301,HOODIE RUSTICO LIVIANO,BUZOS,"$89.990,00","$26.000,00",5
155602,BUZO FRISA LIVIANO JOHN,BUZOS,"$89.990,00","$26.043,00",3
625602,BUZO SIBERIA,BUZOS,"$89.990,00","$26.043,00",4
675603,BUZO CLIMB,BUZOS,"$89.990,00","$27.347,00",1
695002,BUZO AIRBORN,BUZOS,"$89.990,00","$28.000,00",0
154923,BUZO BASIC,BUZOS,"$89.990,00","$28.000,00",0
155016,BUZO BASIC PLUSH,BUZOS,"$89.990,00","$28.000,00",2
155402,BUZO FRISA LIVIANO,BUZOS,"$89.990,00","$28.000,00",0
334913,BUZO GUNS,BUZOS,"$89.990,00","$28.000,00",2
675203,BUZO HALF ZIP FRISA,BUZOS,"$89.990,00","$28.000,00",2
445201,BUZO HOODIE BORDADO,BUZOS,"$99.990,00","$28.000,00",1
244902,BUZO HOODIE PLAIN,BUZOS,"$89.990,00","$28.000,00",0
155205,BUZO LISO FRISA,BUZOS,"$89.990,00","$28.000,00",2
745401,BUZO OVERSIZE BATIK,BUZOS,"$89.990,00","$28.000,00",1
244901,BUZO PLAIN,BUZOS,"$89.990,00","$28.000,00",1
625214,BUZO POLAR,BUZOS,"$89.990,00","$28.000,00",1
245302,BUZO RUSTICO SUEDE,BUZOS,"$89.990,00","$28.000,00",0
335004,BUZO TRICOLOR,BUZOS,"$89.990,00","$28.000,00",2
154813,BUZO WOOL,BUZOS,"$89.990,00","$28.000,00",0
675508,HOODIE AIRBORN CAP,BUZOS,"$89.990,00","$28.000,00",2
155010,HOODIE AIRBORN CLUB,BUZOS,"$89.990,00","$28.000,00",0
815004,HOODIE BATIK,BUZOS,"$89.990,00","$28.000,00",1
675207,HOODIE BICOLOR FRISA,BUZOS,"$89.990,00","$28.000,00",2
695001,HOODIE FRISA AIRBORN,BUZOS,"$89.990,00","$28.000,00",0
625401,HOODIE FRISA GOFRADO,BUZOS,"$89.990,00","$28.000,00",0
155018,HOODIE FRISA ISO,BUZOS,"$89.990,00","$28.000,00",0
745014,HOODIE GASTADO ACDC,BUZOS,"$89.990,00","$28.000,00",0
150007,HOODIE ISO FRISA,BUZOS,"$98.990,00","$28.000,00",-4
675201,HOODIE LANILLA,BUZOS,"$89.990,00","$28.000,00",1
675302,HOODIE MEDIO CIERRE LIVIANO,BUZOS,"$89.990,00","$28.000,00",5
745102,HOODIE ROCK GASTADO BOWIE,BUZOS,"$89.990,00","$28.000,00",0
675101,HOODIE RUSTICO MINIMA,BUZOS,"$89.990,00","$28.000,00",0
745001,HOODIE TEÑIDO EN PRENDA,BUZOS,"$89.990,00","$28.000,00",0
155009,HOODIE THE CLASH,BUZOS,"$89.990,00","$28.000,00",0
155006,HOODIE TRICOLOR,BUZOS,"$89.990,00","$28.000,00",0
675507,HOODIE Y2K,BUZOS,"$89.990,00","$28.000,00",3
675611,HOODIE AIRBORN CAP,BUZOS,"$89.990,00","$29.521,00",1
155601,HOODIE ALPES,BUZOS,"$89.990,00","$29.521,00",0
445602,HOODIE ALUD,BUZOS,"$89.990,00","$29.521,00",1
675610,HOODIE ARTICO,BUZOS,"$89.990,00","$29.521,00",8
155605,HOODIE COMBINADO ANDES,BUZOS,"$89.990,00","$29.521,00",1
675608,HOODIE COMBINADO SLIDE,BUZOS,"$89.990,00","$29.521,00",6
625601,HOODIE ISLANDIA,BUZOS,"$89.990,00","$29.521,00",0
675602,HOODIE OVER ALASKA,BUZOS,"$98.990,00","$29.521,00",0
675605,HOODIE WASHED FROST,BUZOS,"$98.990,00","$29.521,00",1
155802,BUZO FRISA LIVIANO JOHN,BUZOS,"$89.990,00","$34.347,00",0
675710,BUZO OVER HAWAII,BUZOS,"$95.990,00","$34.347,00",4
675708,BUZO OVER MAUI,BUZOS,"$95.990,00","$34.347,00",2
155803,BUZO WAFFLE PIPA,BUZOS,"$78.990,00","$34.347,00",4
155704,HOODIE BAHAMAS,BUZOS,"$95.990,00","$34.347,00",8
155705,HOODIE TAHITI,BUZOS,"$95.990,00","$34.347,00",3
155820,HOODIE WAFFLE LANCASTER,BUZOS,"$79.990,00","$34.347,00",6
155706,HOODIE HABANA,BUZOS,"$95.990,00","$34.738,00",1
675838,BUZO OVER RAYADO FOX,BUZOS,"$95.990,00","$38.695,00",2
675809,BUZO OVER WASHED NEW ARUBA,BUZOS,"$98.990,00","$43.042,00",9
675813,HOODIE NYC,BUZOS,"$98.990,00","$43.042,00",3
675805,HOODIE WASHED FROST,BUZOS,"$89.990,00","$43.042,00",6
945801,SWEATER PANAL WASHED ANDERS,BUZOS,"$114.000,00","$43.042,00",0
675802,HOODIE OVER ALASKA,BUZOS,"$89.990,00","$43.043,00",1
155810,BUZO BORDADO SIERRA CLUB,BUZOS,"$108.990,00","$43.638,00",1
155808,HOODIE BORDADO LAURELS,BUZOS,"$108.990,00","$47.381,00",0
675811,HOODIE GOFRADO HUDSON,BUZOS,"$108.990,00","$47.390,00",2
155812,BUZO BORDADI SINCE 1989,BUZOS,"$108.990,00","$47.391,00",3
155807,HOODIE BORDADO ARBN CLUB,BUZOS,"$108.990,00","$47.391,00",0
705807,BUZO RAGLAN PIMA CURTIS,BUZOS,"$118.990,00","$51.738,00",2
705806,BUZO MEDIO CIERRE COOPER,BUZOS,"$118.990,00","$51.739,00",3
275101,OJOTA AIRBORN,CALZADO,"$74.990,00","$1.930,00",0
455203,ZAPATILLA JAMES,CALZADO,"$25.800,00","$11.217,00",-1
395901,OJOTAS BIG ISO,CALZADO,"$74.990,00","$32.565,00",6
455803,ZAPATILLAS JAMES,CALZADO,"$139.990,00","$71.738,00",12
425906,CAMISA LINO MC ANTHONY,CAMISAS,"$119.990,00","$38.695,00",11
845702,CAMISA LINO MC RIO,CAMISAS,"$119.990,00","$38.695,00",6
815501,CAMISA LINO CUELLO MAO,CAMISAS,"$124.990,00","$38.696,00",0
810005,CAMISA LINO MANGA LARGA,CAMISAS,"$116.990,00","$38.696,00",-1
815102,CAMISA LINO MC,CAMISAS,"$116.990,00","$38.696,00",2
810004,CAMISA LINO MC,CAMISAS,"$119.990,00","$38.696,00",0
815103,CAMISA LINO ML,CAMISAS,"$116.990,00","$38.696,00",0
810006,CAMISA LINO RAYADA,CAMISAS,"$116.990,00","$38.696,00",2
815101,CAMISA LINO RAYADA,CAMISAS,"$124.990,00","$38.696,00",0
815503,CAMISA LINO RAYAS MAO,CAMISAS,"$124.990,00","$38.696,00",0
425904,CAMISA LINO JACK,CAMISAS,"$98.990,00","$39.086,00",2
814812,CAMISA AVE,CAMISAS,"$98.990,00","$43.042,00",0
810003,CAMISA BAR,CAMISAS,"$98.990,00","$43.042,00",2
224803,CAMISA BAR,CAMISAS,"$98.990,00","$43.042,00",0
815015,CAMISA BAR,CAMISAS,"$98.990,00","$43.042,00",0
815702,CAMISA BASIC MAO,CAMISAS,"$98.990,00","$43.042,00",15
810001,CAMISA BASIC NIGHT,CAMISAS,"$98.990,00","$43.042,00",77
814901,CAMISA BASIC NIGHT,CAMISAS,"$98.990,00","$43.042,00",0
814703,CAMISA BASICA LINEN,CAMISAS,"$98.990,00","$43.042,00",0
814814,CAMISA BLOSSOM,CAMISAS,"$98.990,00","$43.042,00",-1
814814,CAMISA BOLSSOM,CAMISAS,"$98.990,00","$43.042,00",-1
815707,CAMISA BUZIOS,CAMISAS,"$98.990,00","$43.042,00",15
815709,CAMISA COPACABANA,CAMISAS,"$98.990,00","$43.042,00",5
514809,CAMISA COWBOY,CAMISAS,"$98.990,00","$43.042,00",0
515203,CAMISA CUADROS,CAMISAS,"$98.990,00","$43.042,00",0
815716,CAMISA CUADROS TAILANDIA,CAMISAS,"$98.990,00","$43.042,00",11
730001,CAMISA DENIM,CAMISAS,"$98.990,00","$43.042,00",4
514909,CAMISA DENIM,CAMISAS,"$98.990,00","$43.042,00",1
510001,CAMISA DENIM,CAMISAS,"$98.990,00","$43.042,00",1
515801,CAMISA DENIM BLUE JIM,CAMISAS,"$98.990,00","$43.042,00",7
514910,CAMISA DENIM M/C,CAMISAS,"$98.990,00","$43.042,00",1
515802,CAMISA DENUM BLACK JOHN,CAMISAS,"$98.990,00","$43.042,00",4
815013,CAMISA DOTS,CAMISAS,"$98.990,00","$43.042,00",1
224801,CAMISA DOTS,CAMISAS,"$98.990,00","$43.042,00",0
814813,CAMISA EAGLE,CAMISAS,"$98.990,00","$43.042,00",2
515205,CAMISA ESCOSES,CAMISAS,"$98.990,00","$43.042,00",1
225005,CAMISA FEATHER,CAMISAS,"$98.990,00","$43.042,00",0
514902,CAMISA FIBRANA MC,CAMISAS,"$98.990,00","$43.042,00",2
514814,CAMISA FLORA,CAMISAS,"$98.990,00","$43.042,00",3
225003,CAMISA FLORA,CAMISAS,"$98.990,00","$43.042,00",0
514820,CAMISA FOWL,CAMISAS,"$98.990,00","$43.042,00",0
225004,CAMISA FOX,CAMISAS,"$98.990,00","$43.042,00",0
814820,CAMISA FUR,CAMISAS,"$98.990,00","$43.042,00",0
510002,CAMISA GABARDINA ML,CAMISAS,"$98.990,00","$43.042,00",4
815104,CAMISA GOTTA,CAMISAS,"$98.990,00","$43.042,00",3
225001,CAMISA HAZENUT,CAMISAS,"$98.990,00","$43.042,00",0
815007,CAMISA HOJAS,CAMISAS,"$98.990,00","$43.042,00",1
815710,CAMISA JAMAICA,CAMISAS,"$98.990,00","$43.042,00",3
814804,CAMISA JUNCO,CAMISAS,"$98.990,00","$43.042,00",2
814805,CAMISA LAVENDER,CAMISAS,"$98.990,00","$43.042,00",0
515114,CAMISA LIBELULA,CAMISAS,"$98.990,00","$43.042,00",1
224902,CAMISA LIBELULA,CAMISAS,"$98.990,00","$43.042,00",0
814819,CAMISA LINE,CAMISAS,"$98.990,00","$43.042,00",0
810007,CAMISA LINE,CAMISAS,"$98.990,00","$43.042,00",0
265403,CAMISA LINE,CAMISAS,"$98.990,00","$43.042,00",0
815105,CAMISA LUNARES,CAMISAS,"$98.990,00","$43.042,00",1
814908,CAMISA LUNARES,CAMISAS,"$98.990,00","$43.042,00",0
265504,CAMISA LUNARES,CAMISAS,"$98.990,00","$43.042,00",-2
514917,CAMISA M/C FLOR,CAMISAS,"$98.990,00","$43.042,00",1
514920,CAMISA M/C RAMA,CAMISAS,"$98.990,00","$43.042,00",2
514821,CAMISA MARGARITA,CAMISAS,"$98.990,00","$43.042,00",0
815107,CAMISA NIGHT,CAMISAS,"$98.990,00","$43.042,00",5
514825,CAMISA PAINT,CAMISAS,"$98.990,00","$43.042,00",0
225002,CAMISA PALM,CAMISAS,"$98.990,00","$43.042,00",1
515110,CAMISA PALM SPRING,CAMISAS,"$98.990,00","$43.042,00",1
224901,CAMISA PALMERA,CAMISAS,"$98.990,00","$43.042,00",0
514803,CAMISA PLAID,CAMISAS,"$98.990,00","$43.042,00",1
165304,CAMISA POPLIN ADAM,CAMISAS,"$98.990,00","$43.042,00",1
815205,CAMISA POPLIN BIRD,CAMISAS,"$98.990,00","$43.042,00",0
815404,CAMISA POPLIN CIERVO,CAMISAS,"$98.990,00","$43.042,00",1
810002,CAMISA POPLIN DOT,CAMISAS,"$98.990,00","$43.042,00",0
815206,CAMISA POPLIN FLY,CAMISAS,"$98.990,00","$43.042,00",1
815405,CAMISA POPLIN GALA,CAMISAS,"$98.990,00","$43.042,00",2
265501,CAMISA POPLIN HIEDRA,CAMISAS,"$98.990,00","$43.042,00",4
165308,CAMISA POPLIN HUEMUL,CAMISAS,"$98.990,00","$43.042,00",3
60900,CAMISA POPLIN LUNARES,CAMISAS,"$98.990,00","$43.042,00",4
165303,CAMISA POPLIN MALTA,CAMISAS,"$98.990,00","$43.042,00",1
165404,CAMISA POPLIN MARSALA,CAMISAS,"$98.990,00","$43.042,00",2
165302,CAMISA POPLIN MODENA,CAMISAS,"$98.990,00","$43.042,00",2
165301,CAMISA POPLIN NAPOLES,CAMISAS,"$98.990,00","$43.042,00",2
165306,CAMISA POPLIN PADUA,CAMISAS,"$98.990,00","$43.042,00",0
165306,CAMISA POPLIN PADUA,CAMISAS,"$98.990,00","$43.042,00",0
165311,CAMISA POPLIN REOPEA,CAMISAS,"$98.990,00","$43.042,00",3
815203,CAMISA POPLIN ROSE,CAMISAS,"$98.990,00","$43.042,00",0
165401,CAMISA POPLIN ROYAL,CAMISAS,"$98.990,00","$43.042,00",4
815604,CAMISA POPLIN ROYAL,CAMISAS,"$98.990,00","$43.042,00",2
815410,CAMISA POPLIN SALVIA,CAMISAS,"$98.990,00","$43.042,00",0
165402,CAMISA POPLIN SUCRE,CAMISAS,"$98.990,00","$43.042,00",3
814821,CAMISA POSY,CAMISAS,"$98.990,00","$43.042,00",0
514815,CAMISA PYRAMED,CAMISAS,"$98.990,00","$43.042,00",3
165313,CAMISA RAYADA,CAMISAS,"$98.990,00","$43.042,00",0
815701,CAMISA RAYADA CANCUN,CAMISAS,"$98.990,00","$43.042,00",1
815703,CAMISA RAYADA FIJI,CAMISAS,"$98.990,00","$43.042,00",1
815712,CAMISA RAYADA INDONESIA,CAMISAS,"$98.990,00","$43.042,00",16
165801,CAMISA RAYADA MARSELLA,CAMISAS,"$98.990,00","$43.042,00",0
165802,CAMISA RAYADA NEW CANCUN,CAMISAS,"$98.990,00","$43.042,00",5
815715,CAMISA RAYADA TULUM,CAMISAS,"$98.990,00","$43.042,00",-1
165504,CAMISA RAYAS,CAMISAS,"$98.990,00","$43.042,00",1
165312,CAMISA RAYAS,CAMISAS,"$98.990,00","$43.042,00",0
265401,CAMISA RAYAS,CAMISAS,"$98.990,00","$43.042,00",0
814823,CAMISA ROSE,CAMISAS,"$98.990,00","$43.042,00",0
224903,CAMISA SPRING,CAMISAS,"$98.990,00","$43.042,00",0
515001,CAMISA TWILL,CAMISAS,"$98.990,00","$43.042,00",1
515401,CAMISA VIYELA DAMERO,CAMISAS,"$98.990,00","$43.042,00",2
515603,CAMISA VIYELA KURT,CAMISAS,"$98.990,00","$43.042,00",0
814802,CAMISA WILDFLOWER,CAMISAS,"$98.990,00","$43.042,00",2
515701,CAMISAS DENIM BLUE JIM,CAMISAS,"$98.990,00","$43.042,00",1
815802,CAMISA BASIC MAO,CAMISAS,"$98.990,00","$43.043,00",7
815812,CAMISA FLORIPA,CAMISAS,"$98.990,00","$43.043,00",7
425910,CAMISA MC TEJIDA SONNY,CAMISAS,"$108.990,00","$43.043,00",2
815911,CAMISA POPLIN NEW ROYAL,CAMISAS,"$98.990,00","$43.043,00",4
815913,CAMISA RAYADA CANCUN,CAMISAS,"$98.990,00","$43.043,00",10
815910,CAMISA RAYADA SATEN WILL,CAMISAS,"$98.990,00","$43.043,00",10
515803,CAMISA VIYELA KURT,CAMISAS,"$98.990,00","$43.043,00",6
515806,CAMISA CORDEROY PECK,CAMISAS,"$108.990,00","$47.390,00",3
515705,CAMISA LINO MACEIO,CAMISAS,"$124.990,00","$47.391,00",4
515707,CAMISA LINO RAYADA IBIZA,CAMISAS,"$124.990,00","$47.391,00",-3
175601,CAMISACO ALASKA,CAMISAS,"$149.990,00","$47.782,00",0
165906,CAMISA LINO MAO MARBELLA,CAMISAS,"$124.990,00","$51.739,00",12
515706,CAMISA LINO MAO MARBELLA,CAMISAS,"$124.990,00","$51.739,00",0
165905,CAMISAS PREMIUM LINO MACEIO,CAMISAS,"$124.990,00","$51.739,00",18
175803,CAMISACO ALASKA,CAMISAS,"$112.990,00","$64.781,00",5
245401,CAMPERA BOMBER GABARDINA,CAMPERAS,"$149.990,00","$30.391,00",0
335021,CAMPERA CON CAPUCHA RAYAS,CAMPERAS,"$89.990,00","$30.391,00",0
335023,CAMPERA FAUX FUR,CAMPERAS,"$89.990,00","$30.391,00",1
150001,CAMPERA RUSTICO BASIC PIMA,CAMPERAS,"$98.990,00","$30.391,00",0
745002,CAMPERA RUSTICO GASTADA,CAMPERAS,"$89.990,00","$30.391,00",0
330003,CAMPERA WAFFLE,CAMPERAS,"$98.990,00","$30.391,00",12
335003,CAMPERA WAFFLE,CAMPERAS,"$98.990,00","$30.391,00",0
245202,ROMPEVIENTO COMBINADO,CAMPERAS,"$89.990,00","$30.391,00",1
245201,ROMPEVIENTO LISO,CAMPERAS,"$134.990,00","$30.391,00",1
295401,CAMPERA DENIM,CAMPERAS,"$89.990,00","$30.931,00",1
154922,CAMPERA BASIC,CAMPERAS,"$109.990,00","$47.391,00",4
150006,CAMPERA BASIC FRISA,CAMPERAS,"$109.990,00","$47.391,00",19
155002,CAMPERA BASIC FRISA,CAMPERAS,"$109.990,00","$47.391,00",1
155001,CAMPERA BASIC PIMA,CAMPERAS,"$109.990,00","$47.391,00",0
150008,CAMPERA BASIC RUSTICO,CAMPERAS,"$109.990,00","$47.391,00",8
155202,CAMPERA BASIC RUSTICO,CAMPERAS,"$109.990,00","$47.391,00",6
155101,CAMPERA BASIC RUSTICO PIMA,CAMPERAS,"$109.990,00","$47.391,00",5
670002,CAMPERA BOMBER,CAMPERAS,"$109.990,00","$47.391,00",12
240002,CAMPERA BOMBER SIRE KEITH,CAMPERAS,"$109.990,00","$47.391,00",0
244905,CAMPERITA PLAIN,CAMPERAS,"$109.990,00","$47.391,00",3
695701,CAMPERA AMALFI,CAMPERAS,"$149.990,00","$51.738,00",6
245901,CAMPERA STRIPES ARBN,CAMPERAS,"$118.990,00","$51.739,00",6
785602,CAMPERA REVOLUTION,CAMPERAS,"$129.990,00","$56.086,00",0
240001,CAMPERA BOMBER GABARDINA BOB,CAMPERAS,"$159.990,00","$60.434,00",13
675202,CAMPERA CORDERITO,CAMPERAS,"$99.990,00","$60.434,00",1
675401,CAMPERA CORDERITO,CAMPERAS,"$139.990,00","$60.434,00",-1
675601,CAMPERA CORDERITO ESQUIMAL,CAMPERAS,"$139.990,00","$60.434,00",6
245603,CAMPERA BOMBER MOUNT,CAMPERAS,"$169.990,00","$64.780,00",1
245904,CAMPERA LINO MIKE,CAMPERAS,"$159.990,00","$64.782,00",6
785812,CAMPERA ROMPEVIENTO,CAMPERAS,"$164.990,00","$71.738,00",5
375801,CHOMBA PIQUE JOEY,CHOMBAS,"$69.990,00","$25.652,00",5
905505,CHOMBA ANCLA,CHOMBAS,"$69.990,00","$26.043,00",1
370001,CHOMBA BASIC,CHOMBAS,"$69.990,00","$26.043,00",22
375004,CHOMBA BASIC,CHOMBAS,"$69.990,00","$26.043,00",3
374901,CHOMBA BASIC,CHOMBAS,"$69.990,00","$26.043,00",1
745301,CHOMBA BASIC MICROPIQUE,CHOMBAS,"$69.990,00","$26.043,00",14
425301,CHOMBA BASIC MICROPIQUE,CHOMBAS,"$69.990,00","$26.043,00",-1
375101,CHOMBA BASIC PIMA,CHOMBAS,"$69.990,00","$26.043,00",2
375102,CHOMBA CUELLO COMBINADO,CHOMBAS,"$69.990,00","$26.043,00",0
905503,CHOMBA FLORCITA,CHOMBAS,"$69.990,00","$26.043,00",0
905101,CHOMBA FULL PPRINT TRIANGULE,CHOMBAS,"$69.990,00","$26.043,00",0
905103,CHOMBA FULL PRINT MOTIVE,CHOMBAS,"$69.990,00","$26.043,00",0
905305,CHOMBA JERSEY FLOWER,CHOMBAS,"$69.990,00","$26.043,00",0
905303,CHOMBA JERSEY LIFE,CHOMBAS,"$69.990,00","$26.043,00",2
295301,CHOMBA JERSEY LISO,CHOMBAS,"$69.990,00","$26.043,00",4
905301,CHOMBA JERSEY LISO,CHOMBAS,"$69.990,00","$26.043,00",2
905304,CHOMBA JERSEY PALM,CHOMBAS,"$69.990,00","$26.043,00",0
905302,CHOMBA JERSEY RAYADA,CHOMBAS,"$69.990,00","$26.043,00",0
905903,CHOMBA MELVIN,CHOMBAS,"$69.990,00","$26.043,00",21
905501,CHOMBA MICROPIQUE PREMIUM,CHOMBAS,"$69.990,00","$26.043,00",0
375701,CHOMBA PIQUE JOEY,CHOMBAS,"$69.990,00","$26.043,00",6
375601,CHOMBA PIQUE JOEY,CHOMBAS,"$69.990,00","$26.043,00",0
244903,CHOMBA PLAIN,CHOMBAS,"$69.990,00","$26.043,00",3
905102,CHOMBA STRIPES 3,CHOMBAS,"$69.990,00","$26.043,00",0
905104,CHOMBA STRIPES 6,CHOMBAS,"$69.990,00","$26.043,00",0
705803,CHOMBA ACAPULCO,CHOMBAS,"$78.990,00","$34.347,00",13
705804,CHOMBA PIQUE MARRUECOS,CHOMBAS,"$79.990,00","$34.347,00",0
705805,CHOMBA PIQUE TOSCANA,CHOMBAS,"$78.990,00","$34.347,00",11
705904,CHOMBA PIQUE MARRUECOS,CHOMBAS,"$79.990,00","$34.713,00",9
705704,CHOMBA PIQUE MARRUECOS,CHOMBAS,"$79.990,00","$34.738,00",1
705705,CHOMBA PIQUE TOSCANA,CHOMBAS,"$79.990,00","$34.738,00",2
705903,CHOMBA ACAPULCO,CHOMBAS,"$79.990,00","$34.739,00",15
705703,CHOMBA ACAPULCO,CHOMBAS,"$79.990,00","$34.739,00",3
705905,CHOMBA PIQUE TOSCANA,CHOMBAS,"$79.990,00","$34.739,00",12
425903,CHOMBA ZIP TIM,CHOMBAS,"$89.990,00","$39.086,00",10
835701,CINTO BASIC,CINTOS,"$44.990,00","$19.521,00",9
325002,CINTO BASIC,CINTOS,"$45.990,00","$19.521,00",5
325901,CINTO CUERO CLASICO,CINTOS,"$48.990,00","$19.521,00",9
324902,CINTO MANCHESTER REVERSIBLE,CINTOS,"$44.990,00","$19.521,00",0
324901,CINTO RANGER,CINTOS,"$44.990,00","$19.521,00",0
325001,CINTO REVERSIBLE,CINTOS,"$44.990,00","$19.521,00",0
295723,JEAN DYLAN JUDE,JEANS,"$98.990,00","$43.042,00",1
295735,JEAN DYLAN SKADI,JEANS,"$98.990,00","$43.042,00",2
295925,JEAN REGULAR BRIAN,JEANS,"$98.990,00","$43.042,00",7
295111,JEAN BAT,JEANS,"$99.990,00","$43.043,00",2
295729,JEAN DAD BLACK STING,JEANS,"$99.990,00","$43.043,00",3
295727,JEAN DAD BLUE SID,JEANS,"$99.990,00","$43.043,00",0
295719,JEAN DYLAN BAT,JEANS,"$99.990,00","$43.043,00",7
295619,JEAN DYLAN BAT,JEANS,"$99.990,00","$43.043,00",-1
295610,JEAN DYLAN DARLING,JEANS,"$99.990,00","$43.043,00",1
295710,JEAN DYLAN DARLING,JEANS,"$98.990,00","$43.043,00",1
295910,JEAN DYLAN DARLING,JEANS,"$98.990,00","$43.043,00",0
294923,JEAN DYLAN DUCHAMP,JEANS,"$99.990,00","$43.043,00",0
295711,JEAN DYLAN FLASH,JEANS,"$98.990,00","$43.043,00",4
295408,JEAN DYLAN FLOWER,JEANS,"$99.990,00","$43.043,00",2
295722,JEAN DYLAN FOX,JEANS,"$99.990,00","$43.043,00",10
295622,JEAN DYLAN FOX,JEANS,"$99.990,00","$43.043,00",1
295211,JEAN DYLAN FOX,JEANS,"$99.990,00","$43.043,00",0
295409,JEAN DYLAN JACK,JEANS,"$99.990,00","$43.043,00",2
295923,JEAN DYLAN JUDE,JEANS,"$99.990,00","$43.043,00",4
295623,JEAN DYLAN JUDE,JEANS,"$98.990,00","$43.043,00",0
294927,JEAN DYLAN LIZARD,JEANS,"$99.990,00","$43.043,00",0
290007,JEAN DYLAN NEW DUCHAMP,JEANS,"$99.990,00","$43.043,00",13
295322,JEAN DYLAN SHINE,JEANS,"$99.990,00","$43.043,00",0
295312,JEAN DYLAN SUN,JEANS,"$99.990,00","$43.043,00",4
295321,JEAN DYLAN WILD,JEANS,"$99.990,00","$43.043,00",6
295621,JEAN DYLAN WILD,JEANS,"$99.990,00","$43.043,00",2
295317,JEAN JAGGER ANGIE,JEANS,"$99.990,00","$43.043,00",2
295717,JEAN JAGGER ANGIE,JEANS,"$99.990,00","$43.043,00",2
290003,JEAN JAGGER BLACKBIRD,JEANS,"$99.990,00","$43.043,00",14
290001,JEAN JAGGER DARK HAWK,JEANS,"$99.990,00","$43.043,00",9
294901,JEAN JAGGER DARK HAWK,JEANS,"$99.990,00","$43.043,00",3
295101,JEAN JAGGER FOX,JEANS,"$99.990,00","$43.043,00",0
295315,JEAN JAGGER HENDRIX,JEANS,"$99.990,00","$43.043,00",5
290002,JEAN JAGGER LIGHT HAWK,JEANS,"$99.990,00","$43.043,00",10
294902,JEAN JAGGER LIGHT HAWK,JEANS,"$99.990,00","$43.043,00",1
295916,JEAN JAGGER ROCK,JEANS,"$99.990,00","$43.043,00",9
295716,JEAN JAGGER ROCK,JEANS,"$98.990,00","$43.043,00",0
295004,JEAN JAGGER SEADRAGON,JEANS,"$99.990,00","$43.043,00",-1
295203,JEAN JAGGER SNOW HAWK,JEANS,"$99.990,00","$43.043,00",2
294903,JEAN JAGGER SNOW HAWK,JEANS,"$99.990,00","$43.043,00",0
295507,JEAN JAGGER WHITE,JEANS,"$99.990,00","$43.043,00",3
295825,JEAN REGULAR BRIAN,JEANS,"$98.990,00","$43.043,00",0
754704,JEAN SKINNY LIGHT BLUE,JEANS,"$99.990,00","$43.043,00",4
294818,JEAN SKINNY PREFFER,JEANS,"$99.990,00","$43.043,00",2
295108,JEAN WALARUS,JEANS,"$99.990,00","$43.043,00",-1
294905,JEANS BLACKBIRD,JEANS,"$99.990,00","$43.043,00",0
294905,JEANS JAGGER BLACKBIRD,JEANS,"$99.990,00","$43.043,00",0
294712,JEANS SKINNY BROKEN SKY,JEANS,"$99.990,00","$43.043,00",1
294805,JEANS SLIM FIT DARK,JEANS,"$99.990,00","$43.043,00",1
294819,JEANS SLIM FIT PLUS,JEANS,"$99.990,00","$43.043,00",0
295604,JOGGER CARGO CHRIS,JOGGER,"$98.990,00","$43.042,00",13
294924,JOGGER CARGO,JOGGER,"$99.990,00","$43.043,00",0
294908,JOGGER DARK HAWK,JOGGER,"$99.990,00","$43.043,00",1
294909,JOGGER LIGHT HAWK,JOGGER,"$99.990,00","$43.043,00",1
290004,JOGGER MILITAR,JOGGER,"$99.990,00","$43.043,00",42
294906,JOGGER MILITAR,JOGGER,"$99.990,00","$43.043,00",0
295002,JOGGER PANTHER,JOGGER,"$99.990,00","$43.043,00",0
845706,JOGGER TOSCANA,JOGGER,"$99.990,00","$43.043,00",11
694901,JOGGING RUSTICO,JOGGER,"$99.990,00","$43.043,00",1
845704,JOGGER CARGO BALI,JOGGER,"$108.990,00","$47.391,00",1
905901,PANTALON JOGGER LINO NIZA,JOGGER,"$129.990,00","$51.739,00",6
425907,PANTALON CHINO LINO TOMMY,PANTALONES,"$119.990,00","$38.695,00",4
295132,PANTALON 5B BLACK,PANTALONES,"$99.990,00","$43.043,00",3
845703,PANTALON CARGO ACAPULCO,PANTALONES,"$99.990,00","$43.043,00",2
845112,PANTALON CHINO,PANTALONES,"$99.990,00","$43.043,00",1
415301,PANTALON CHINO,PANTALONES,"$99.990,00","$43.043,00",-2
845809,PANTALON CHINO FIJI,PANTALONES,"$99.990,00","$43.043,00",31
845705,PANTALON CHINO FIJI,PANTALONES,"$99.990,00","$43.043,00",13
365301,PANTALON CHINO PREMIUM,PANTALONES,"$99.990,00","$43.043,00",15
365601,PANTALON CHINO PREMIUM,PANTALONES,"$99.990,00","$43.043,00",6
434801,PANTALON CHINO SKINNY,PANTALONES,"$99.990,00","$43.043,00",2
290005,PANTALON HOLBORN,PANTALONES,"$99.990,00","$43.043,00",54
294910,PANTALON HOLBORN,PANTALONES,"$99.990,00","$43.043,00",-1
905506,PANTALON PREMIUM CARGO,PANTALONES,"$99.990,00","$43.043,00",1
945902,PANTALON CARGO WAYNE,PANTALONES,"$104.990,00","$43.434,00",8
945901,PANTALON CHINO BIRMIN,PANTALONES,"$98.990,00","$43.434,00",18
905701,PANTALON JOGGER LINO NIZA,PANTALONES,"$119.990,00","$56.086,00",0
155915,REMERA BASIC O PHIL,REMERAS,"$45.990,00","$13.000,00",16
155606,REMERA FLAME MC,REMERAS,"$45.990,00","$14.739,00",1
675719,REMERA OVER MARBELLA,REMERAS,"$45.990,00","$15.173,00",0
675715,REMERA OVER TAILANDIA,REMERAS,"$45.990,00","$15.173,00",1
155815,REMERA BASIC O PHIL,REMERAS,"$44.990,00","$15.608,00",3
675702,REMERA V RIO,REMERAS,"$43.990,00","$15.608,00",-1
745214,REMERA ACDC,REMERAS,"$43.990,00","$15.647,00",1
745414,REMERA ACDC,REMERAS,"$43.990,00","$15.647,00",1
745314,REMERA ACDC,REMERAS,"$43.990,00","$15.647,00",-1
745109,REMERA ACDC TOUR,REMERAS,"$43.990,00","$15.647,00",0
625118,REMERA AGUILA,REMERAS,"$43.990,00","$15.647,00",0
745123,REMERA AIRBORN,REMERAS,"$43.990,00","$15.647,00",0
695504,REMERA AIRBORN 1989,REMERAS,"$43.990,00","$15.647,00",1
150013,REMERA AIRBORN BORDADO,REMERAS,"$43.990,00","$15.647,00",4
154914,REMERA AIRBORN CLUB,REMERAS,"$43.990,00","$15.647,00",0
375301,REMERA AIRBORN COLOR,REMERAS,"$43.990,00","$15.647,00",1
695102,REMERA AIRBORN GRAD FLOCK,REMERAS,"$43.990,00","$15.647,00",0
445207,REMERA AIRBORN ITALIC,REMERAS,"$43.990,00","$15.647,00",0
445206,REMERA AIRBORN RELIEVE,REMERAS,"$43.990,00","$15.647,00",0
335301,REMERA AIRBORN RELIEVE,REMERAS,"$43.990,00","$15.647,00",0
625114,REMERA ALABAMA,REMERAS,"$43.990,00","$15.647,00",0
625313,REMERA ARIZONA,REMERAS,"$43.990,00","$15.647,00",0
745509,REMERA ARMY,REMERAS,"$43.990,00","$15.647,00",1
334910,REMERA BASEBALL,REMERAS,"$43.990,00","$15.647,00",0
375602,REMERA BASIC LYCRA IGGY,REMERAS,"$43.990,00","$15.647,00",0
154701,REMERA BASIC O,REMERAS,"$43.990,00","$15.647,00",0
150004,REMERA BASIC O PIMA,REMERAS,"$45.990,00","$15.647,00",5
345601,REMERA BASIC PHIL,REMERAS,"$45.990,00","$15.647,00",5
334918,REMERA BASICA,REMERAS,"$43.990,00","$15.647,00",0
705501,REMERA BASICA PIMA PERU,REMERAS,"$45.990,00","$15.647,00",3
675304,REMERA BATIK AIRBORN,REMERAS,"$43.990,00","$15.647,00",0
335030,REMERA BEATLES,REMERAS,"$43.990,00","$15.647,00",1
745215,REMERA BEATLES,REMERAS,"$43.990,00","$15.647,00",1
335027,REMERA BIRD,REMERAS,"$43.990,00","$15.647,00",1
334806,REMERA BIRD,REMERAS,"$43.990,00","$15.647,00",0
445604,REMERA BOREAL,REMERAS,"$46.990,00","$15.647,00",0
675616,REMERA BOREAL,REMERAS,"$45.990,00","$15.647,00",0
154906,REMERA BOSTEZO TIGRE,REMERAS,"$43.990,00","$15.647,00",0
334917,REMERA BOUTONE,REMERAS,"$43.990,00","$15.647,00",1
745108,REMERA BOWIE,REMERAS,"$43.990,00","$15.647,00",0
625109,REMERA BOXING CHAMP,REMERAS,"$43.990,00","$15.647,00",0
275009,REMERA BS.AS. 1989,REMERAS,"$43.990,00","$15.647,00",1
675504,REMERA BUENOS AIRES,REMERAS,"$43.990,00","$15.647,00",0
625103,REMERA CALIFORNIA,REMERAS,"$43.990,00","$15.647,00",2
625315,REMERA CALIFORNIA,REMERAS,"$43.990,00","$15.647,00",0
345504,REMERA CALIFORNIA PREMIUM,REMERAS,"$45.990,00","$15.647,00",0
335019,REMERA CAMO,REMERAS,"$43.990,00","$15.647,00",0
445605,REMERA CHAMONIX,REMERAS,"$43.990,00","$15.647,00",1
625115,REMERA COCA COLA,REMERAS,"$43.990,00","$15.647,00",0
675613,REMERA CREST,REMERAS,"$45.990,00","$15.647,00",1
345607,REMERA CREST,REMERAS,"$45.990,00","$15.647,00",-1
154926,REMERA CUFF,REMERAS,"$43.990,00","$15.647,00",0
625002,REMERA CUTTERMAN,REMERAS,"$43.990,00","$15.647,00",0
625408,REMERA DAYS,REMERAS,"$43.990,00","$15.647,00",0
745205,REMERA DEEP PURPLE,REMERAS,"$43.990,00","$15.647,00",1
345610,REMERA DOLOMITI,REMERAS,"$43.990,00","$15.647,00",0
745319,REMERA EAGLE TYRES,REMERAS,"$43.990,00","$15.647,00",1
745119,REMERA ESTRELLA,REMERAS,"$43.990,00","$15.647,00",0
625503,REMERA EXCUSE MY FREND,REMERAS,"$43.990,00","$15.647,00",-3
625604,REMERA FINLANDIA,REMERAS,"$45.990,00","$15.647,00",0
345605,REMERA FLAKE,REMERAS,"$43.990,00","$15.647,00",4
335010,REMERA FLAME CON CARTERA,REMERAS,"$43.990,00","$15.647,00",1
345507,REMERA FLOWER PREMIUM,REMERAS,"$45.990,00","$15.647,00",0
695510,REMERA FOLCK,REMERAS,"$43.990,00","$15.647,00",0
625104,REMERA FREE LIFESTYLE,REMERAS,"$43.990,00","$15.647,00",0
625207,REMERA FUEL,REMERAS,"$43.990,00","$15.647,00",0
335120,REMERA FULL FLA,REMERAS,"$43.990,00","$15.647,00",1
335206,REMERA FULL PRINT BIR,REMERAS,"$43.990,00","$15.647,00",4
335115,REMERA FULL PRINT BIR,REMERAS,"$43.990,00","$15.647,00",0
334908,REMERA FULL PRINT CACTUS,REMERAS,"$43.990,00","$15.647,00",1
335305,REMERA FULL PRINT FLAMENCO,REMERAS,"$43.990,00","$15.647,00",0
445608,REMERA FULL PRINT ICE,REMERAS,"$43.990,00","$15.647,00",2
335502,REMERA FULL PRINT ISO,REMERAS,"$43.990,00","$15.647,00",1
334915,REMERA FULL PRINT LOR,REMERAS,"$43.990,00","$15.647,00",0
335403,REMERA FULL PRINT PAJAROS,REMERAS,"$43.990,00","$15.647,00",0
335118,REMERA FULL PRINT PAL,REMERAS,"$43.990,00","$15.647,00",3
345501,REMERA FULL PRINT PALM,REMERAS,"$43.990,00","$15.647,00",5
335303,REMERA FULL PRINT PALM,REMERAS,"$43.990,00","$15.647,00",0
335501,REMERA FULL PRINT PALM,REMERAS,"$43.990,00","$15.647,00",0
334916,REMERA FULL PRINT RAY,REMERAS,"$43.990,00","$15.647,00",1
335302,REMERA FULL PRINT RAYOS,REMERAS,"$43.990,00","$15.647,00",1
335402,REMERA FULL PRINT RAYOS,REMERAS,"$43.990,00","$15.647,00",0
745501,REMERA GASTADA CON BOLSILLO,REMERAS,"$45.990,00","$15.647,00",0
744909,REMERA GHANDI BATIC,REMERAS,"$43.990,00","$15.647,00",0
625502,REMERA GOFRADA AIRBORN,REMERAS,"$43.990,00","$15.647,00",0
625501,REMERA GOFRADA ISO,REMERAS,"$43.990,00","$15.647,00",-1
625316,REMERA GROFADO,REMERAS,"$43.990,00","$15.647,00",0
625206,REMERA GROOVY,REMERAS,"$43.990,00","$15.647,00",0
744803,REMERA GUNS,REMERAS,"$43.990,00","$15.647,00",1
745209,REMERA GUNS,REMERAS,"$43.990,00","$15.647,00",1
745418,REMERA GUNS,REMERAS,"$43.990,00","$15.647,00",1
745009,REMERA GUNS AND ROSES PLAIN,REMERAS,"$43.990,00","$15.647,00",0
345606,REMERA HELSINKI,REMERAS,"$45.990,00","$15.647,00",1
154817,REMERA INCORYABLE PARIS,REMERAS,"$43.990,00","$15.647,00",0
445606,REMERA ISLANDIA,REMERAS,"$43.990,00","$15.647,00",0
745321,REMERA ISO AIRBORN,REMERAS,"$43.990,00","$15.647,00",0
625109,REMERA ISO GASTADA,REMERAS,"$43.990,00","$15.647,00",0
745223,REMERA ISO GASTADA,REMERAS,"$43.990,00","$15.647,00",0
675502,REMERA ISO PRINT,REMERAS,"$45.990,00","$15.647,00",0
625008,REMERA KATMANDU,REMERAS,"$43.990,00","$15.647,00",0
815016,REMERA LEAF,REMERAS,"$43.990,00","$15.647,00",1
745004,REMERA LISA GASTADA,REMERAS,"$43.990,00","$15.647,00",2
745326,REMERA LISA GASTADA,REMERAS,"$43.990,00","$15.647,00",0
625307,REMERA LIVE YOUR SONG,REMERAS,"$43.990,00","$15.647,00",1
154917,REMERA LOGO,REMERAS,"$43.990,00","$15.647,00",0
274902,REMERA LOST PARADISE,REMERAS,"$43.990,00","$15.647,00",0
375401,REMERA LOVE IS LOVE,REMERAS,"$43.990,00","$15.647,00",0
625312,REMERA LOYAL,REMERAS,"$43.990,00","$15.647,00",1
625317,REMERA MICHIGAN,REMERAS,"$45.990,00","$15.647,00",0
150011,REMERA MINIMAL,REMERAS,"$43.990,00","$15.647,00",1
345611,REMERA ML RAY,REMERAS,"$45.990,00","$15.647,00",3
625504,REMERA MONACO,REMERAS,"$43.990,00","$15.647,00",0
744804,REMERA MOUNTAIN,REMERAS,"$43.990,00","$15.647,00",0
745320,REMERA MUHAMMAD ALI,REMERAS,"$43.990,00","$15.647,00",1
625105,REMERA MUHAMMAD ALI,REMERAS,"$43.990,00","$15.647,00",0
745008,REMERA MULTI STONES,REMERAS,"$43.990,00","$15.647,00",0
625102,REMERA NATIVE SPIRIT,REMERAS,"$43.990,00","$15.647,00",0
745107,REMERA NEW RAMONES,REMERAS,"$43.990,00","$15.647,00",1
744802,REMERA NEW STONES,REMERAS,"$43.990,00","$15.647,00",0
345505,REMERA NEW YORK PREMIUM,REMERAS,"$43.990,00","$15.647,00",1
745404,REMERA NOISE,REMERAS,"$43.990,00","$15.647,00",0
154901,REMERA O BASIC MELANGE,REMERAS,"$43.990,00","$15.647,00",0
155014,REMERA O BASIC PIMA,REMERAS,"$43.990,00","$15.647,00",3
155004,REMERA O BASIC PIMA,REMERAS,"$43.990,00","$15.647,00",2
154908,REMERA O BASIC PIMA,REMERAS,"$43.990,00","$15.647,00",0
155102,REMERA O BASIC PIMA COLOR,REMERAS,"$43.990,00","$15.647,00",1
155211,REMERA O PIMA MELANGE,REMERAS,"$43.990,00","$15.647,00",3
625506,REMERA ONLY VIBE,REMERAS,"$45.990,00","$15.647,00",1
274903,REMERA OUTLOW BLUE,REMERAS,"$43.990,00","$15.647,00",0
625203,REMERA PALMERA,REMERAS,"$43.990,00","$15.647,00",0
625111,REMERA PARADISE,REMERAS,"$43.990,00","$15.647,00",1
625306,REMERA PARADISE,REMERAS,"$43.990,00","$15.647,00",0
625205,REMERA PEPS-COLA,REMERAS,"$43.990,00","$15.647,00",2
625117,REMERA PEPSICOLA,REMERAS,"$43.990,00","$15.647,00",1
154915,REMERA PIC,REMERAS,"$43.990,00","$15.647,00",0
335104,REMERA PIMA FLAME CON CARTERA,REMERAS,"$43.990,00","$15.647,00",2
155104,REMERA PIMA MELANGE,REMERAS,"$43.990,00","$15.647,00",0
150009,REMERA PIMA MELANGE,REMERAS,"$43.990,00","$15.647,00",0
155212,REMERA PIMA MELANGE PARIS,REMERAS,"$43.990,00","$15.647,00",0
265304,REMERA PINK FLOYD,REMERAS,"$43.990,00","$15.647,00",2
275004,REMERA PINK FLOYD FLOWER,REMERAS,"$43.990,00","$15.647,00",1
744806,REMERA QUEEN,REMERAS,"$43.990,00","$15.647,00",1
335106,REMERA RANGLAND,REMERAS,"$43.990,00","$15.647,00",0
334911,REMERA RAYAS,REMERAS,"$43.990,00","$15.647,00",0
625403,REMERA REVOLUTION,REMERAS,"$43.990,00","$15.647,00",0
695115,REMERA ROCKVILLE,REMERAS,"$43.990,00","$15.647,00",1
745322,REMERA ROLLING MULTICOLOR,REMERAS,"$43.990,00","$15.647,00",1
745505,REMERA ROLLING STARS,REMERAS,"$45.990,00","$15.647,00",1
625212,REMERA ROLLING STONE,REMERAS,"$43.990,00","$15.647,00",0
274901,REMERA ROLLING STONES,REMERAS,"$43.990,00","$15.647,00",1
744905,REMERA ROLLING STONES,REMERAS,"$43.990,00","$15.647,00",0
625213,REMERA RUGGED,REMERAS,"$43.990,00","$15.647,00",2
675102,REMERA SKINNY ALGODON CON LYCRA,REMERAS,"$43.990,00","$15.647,00",1
154927,REMERA SOCCER,REMERAS,"$43.990,00","$15.647,00",0
625116,REMERA SODA,REMERAS,"$43.990,00","$15.647,00",0
625001,REMERA SPEEDWAY,REMERAS,"$43.990,00","$15.647,00",0
745220,REMERA SPEEDWAY,REMERAS,"$43.990,00","$15.647,00",0
745211,REMERA STONE,REMERAS,"$43.990,00","$15.647,00",0
745308,REMERA STONE BLUE AND YELLOW,REMERAS,"$43.990,00","$15.647,00",0
745411,REMERA STONE LOGO,REMERAS,"$43.990,00","$15.647,00",1
275002,REMERA STONES,REMERAS,"$43.990,00","$15.647,00",0
745412,REMERA STONES,REMERAS,"$43.990,00","$15.647,00",0
745512,REMERA STONES,REMERAS,"$43.990,00","$15.647,00",0
745302,REMERA STONES LOGO,REMERAS,"$43.990,00","$15.647,00",0
625305,REMERA SUMMER,REMERAS,"$43.990,00","$15.647,00",0
695104,REMERA SUNSHINE FOLCK,REMERAS,"$43.990,00","$15.647,00",0
745106,REMERA THE BEATLE,REMERAS,"$43.990,00","$15.647,00",0
745206,REMERA THE KILLERS,REMERAS,"$43.990,00","$15.647,00",0
745111,REMERA THE ROLLING STONE,REMERAS,"$43.990,00","$15.647,00",1
745110,REMERA THE WHO,REMERAS,"$43.990,00","$15.647,00",0
244906,REMERA TIGER,REMERAS,"$43.990,00","$15.647,00",1
745309,REMERA TIGER,REMERAS,"$43.990,00","$15.647,00",0
335109,REMERA TRICOLOR,REMERAS,"$43.990,00","$15.647,00",2
334912,REMERA TRICOLOR,REMERAS,"$43.990,00","$15.647,00",0
335005,REMERA TRICOLOR,REMERAS,"$43.990,00","$15.647,00",0
745504,REMERA TRIUMPH,REMERAS,"$43.990,00","$15.647,00",0
375302,REMERA TURN UP,REMERAS,"$43.990,00","$15.647,00",0
625406,REMERA TUSKGEE,REMERAS,"$43.990,00","$15.647,00",0
155213,REMERA V BASIC MELANGE,REMERAS,"$43.990,00","$15.647,00",0
154909,REMERA V BASIC PIMA,REMERAS,"$43.990,00","$15.647,00",0
150005,REMERA V BASIC PIMA,REMERAS,"$43.990,00","$15.647,00",0
445603,REMERA VAIL,REMERAS,"$43.990,00","$15.647,00",0
675615,REMERA VAIL,REMERAS,"$43.990,00","$15.647,00",0
625120,REMERA VENICE BEACH,REMERAS,"$43.990,00","$15.647,00",4
345604,REMERA VINTAGE,REMERAS,"$45.990,00","$15.647,00",1
675614,REMERA VINTAGE,REMERAS,"$43.990,00","$15.647,00",0
744901,REMERA WHITE TIGER,REMERAS,"$43.990,00","$15.647,00",0
625402,REMERA WILD,REMERAS,"$43.990,00","$15.647,00",0
154916,REMERA ZIGZAG,REMERAS,"$43.990,00","$15.647,00",0
675305,REMERAS ALG C/ LYCRA,REMERAS,"$43.990,00","$15.647,00",1
625314,REMERAS PALMERAS,REMERAS,"$43.990,00","$15.647,00",0
265724,REMERA BASIC O FRANK,REMERAS,"$45.990,00","$16.042,00",0
675806,REMERA BASIC V LYCRA CID,REMERAS,"$45.990,00","$16.042,00",2
155916,REMERA ARTS DISTRICT,REMERAS,"$46.990,00","$16.043,00",0
675808,REMERA BASIC O LYCRA IGGY,REMERAS,"$45.990,00","$16.043,00",4
155925,REMERA CHASING,REMERAS,"$46.990,00","$16.043,00",1
345708,REMERA DOMINICANA,REMERAS,"$45.990,00","$16.043,00",-17
675722,REMERA FINLANDIA,REMERAS,"$43.990,00","$16.043,00",2
345714,REMERA MACEIO,REMERAS,"$45.990,00","$16.043,00",1
155924,REMERA PALM ARBN,REMERAS,"$48.990,00","$16.043,00",2
345701,REMERA BASIC O PHIL,REMERAS,"$48.990,00","$16.082,00",4
345715,REMERA BUZIOS,REMERAS,"$45.990,00","$17.347,00",1
345703,REMERA CALIFORNIA PREMIUM,REMERAS,"$43.990,00","$17.347,00",2
345712,REMERA CANCUN,REMERAS,"$45.990,00","$17.347,00",2
345702,REMERA CARTAGENA,REMERAS,"$45.990,00","$17.347,00",1
675826,REMERA CLUB ARCHIVES,REMERAS,"$46.990,00","$17.347,00",5
345708,REMERA DOMINICANA,REMERAS,"$45.990,00","$17.347,00",-17
345716,REMERA FLORIPA,REMERAS,"$45.990,00","$17.347,00",3
345707,REMERA GALAPAGOS,REMERAS,"$45.990,00","$17.347,00",1
675824,REMERA GLOBAL,REMERAS,"$45.990,00","$17.347,00",3
675723,REMERA GOFRADA,REMERAS,"$45.990,00","$17.347,00",0
155901,REMERA HENLEY LEBLON,REMERAS,"$45.990,00","$17.347,00",4
345717,REMERA JAMAICA,REMERAS,"$45.990,00","$17.347,00",0
675825,REMERA LAKE TAHOE,REMERAS,"$44.990,00","$17.347,00",4
345713,REMERA MARSELLA,REMERAS,"$45.990,00","$17.347,00",0
345704,REMERA MEDELLIN,REMERAS,"$45.990,00","$17.347,00",1
345710,REMERA MIAMI,REMERAS,"$45.990,00","$17.347,00",1
675821,REMERA NEW JERSEY,REMERAS,"$48.990,00","$17.347,00",3
175701,REMERA PIQUE BALI,REMERAS,"$48.990,00","$17.347,00",3
175702,REMERA POCKET UBUD,REMERAS,"$45.990,00","$17.347,00",14
345705,REMERA POLINESIA,REMERAS,"$45.990,00","$17.347,00",3
345711,REMERA SANTORINI,REMERAS,"$45.990,00","$17.347,00",2
675820,REMERA WORLD,REMERAS,"$45.990,00","$17.347,00",1
155801,REMERA HENLEY LEBLON,REMERAS,"$44.990,00","$18.652,00",5
670001,REMERA ALGODON CON LYCRA ROGER,REMERAS,"$48.990,00","$19.521,00",1
155817,REMERA ML SAM,REMERAS,"$48.990,00","$19.521,00",4
675921,REMERA OVER AMALFI COAST,REMERAS,"$48.990,00","$19.521,00",5
675922,REMERA OVER JUST MORNING,REMERAS,"$48.990,00","$19.521,00",6
675924,REMERA OVER SIGNATURE,REMERAS,"$48.990,00","$19.521,00",2
675920,REMERA OVER ST TROPEZ,REMERAS,"$48.990,00","$19.521,00",6
675928,REMERA OVER SURF CLUB,REMERAS,"$48.990,00","$19.521,00",0
675923,REMERA OVER SURF CLUB,REMERAS,"$48.990,00","$19.521,00",8
675704,REMERA OVER WAFFLE IPANEMA,REMERAS,"$48.990,00","$19.521,00",1
675913,REMERA OVER WAFFLE TINY,REMERAS,"$49.990,00","$19.521,00",3
675911,REMERA OVER NFL,REMERAS,"$45.990,00","$19.956,00",4
675836,REMERA OVER SILENT,REMERAS,"$48.990,00","$20.390,00",0
675830,REMERA OVER AIRBORN RUNS,REMERAS,"$48.990,00","$20.391,00",0
675837,REMERA OVER BOURBON,REMERAS,"$48.990,00","$20.391,00",1
675835,REMERA OVER COFFEE SHOP,REMERAS,"$47.990,00","$20.391,00",3
675834,REMERA OVER FREE LIVE FEEL,REMERAS,"$48.990,00","$20.391,00",1
675831,REMERA OVER HOTEL & PUB,REMERAS,"$48.990,00","$20.391,00",-1
675832,REMERA OVER MAYFAIR,REMERAS,"$47.990,00","$20.391,00",-2
675833,REMERA OVER SINCE 1989,REMERAS,"$48.990,00","$20.391,00",5
675803,REMERA OVER BAHIA,REMERAS,"$48.990,00","$21.260,00",4
675846,REMERA OVER RAYADA HABANA,REMERAS,"$48.990,00","$21.260,00",0
675807,REMERA OVER OTOMAN VALENCIA,REMERAS,"$48.990,00","$21.304,00",1
846009,REMERA ACID DAVID,REMERAS,"$54.990,00","$21.695,00",4
415901,REMERA LYCRA A VOLUME,REMERAS,"$49.990,00","$21.695,00",5
415903,REMERA LYCRA BIG ISO,REMERAS,"$49.990,00","$21.695,00",4
415902,REMERA LYCRA DIAGONAL,REMERAS,"$49.990,00","$21.695,00",3
155930,REMERA OVER FLAME SEA,REMERAS,"$49.990,00","$21.695,00",1
675915,REMERA OVER WASHED ISO,REMERAS,"$49.990,00","$21.695,00",5
675918,REMERA OVER WASHED PALM,REMERAS,"$49.990,00","$21.695,00",2
705701,REMERA MALDIVAS,REMERAS,"$54.990,00","$23.869,00",4
705702,REMERA V CALIFORNIA,REMERAS,"$54.990,00","$23.869,00",0
705901,REMERA MALVIDAS,REMERAS,"$64.990,00","$26.042,00",8
705913,REMERA AIRBORN FUZZY,REMERAS,"$64.990,00","$26.043,00",5
705920,REMERA AIRBORN VOLUME,REMERAS,"$64.990,00","$26.043,00",3
705918,REMERA CHILL VIBES,REMERAS,"$64.990,00","$26.043,00",5
705917,REMERA CLUB 1989,REMERAS,"$64.990,00","$26.043,00",6
705919,REMERA NEW ORLEANS,REMERAS,"$64.990,00","$26.043,00",6
705915,REMERA SANTA BARA,REMERAS,"$64.990,00","$26.043,00",1
705915,REMERA SANTA BARBARA,REMERAS,"$64.990,00","$26.043,00",1
705914,REMERA WAVY,REMERAS,"$64.990,00","$26.043,00",4
938520,SHORT BAÑO,SHORT DE BAÑO,"$59.990,00","$21.304,00",0
845714,SHORT DE BAÑO ANCHOR,SHORT DE BAÑO,"$59.990,00","$21.304,00",1
425506,SHORT DE BAÑO ANCLA,SHORT DE BAÑO,"$59.990,00","$21.304,00",1
425509,SHORT DE BAÑO BARCO,SHORT DE BAÑO,"$59.990,00","$21.304,00",0
425307,SHORT DE BAÑO BEACH,SHORT DE BAÑO,"$59.990,00","$21.304,00",2
425306,SHORT DE BAÑO BIRD,SHORT DE BAÑO,"$59.990,00","$21.304,00",0
845713,SHORT DE BAÑO CARGO LISO,SHORT DE BAÑO,"$59.990,00","$21.304,00",4
845101,SHORT DE BAÑO COMBINADO,SHORT DE BAÑO,"$59.990,00","$21.304,00",10
425303,SHORT DE BAÑO FLORES,SHORT DE BAÑO,"$59.990,00","$21.304,00",2
425508,SHORT DE BAÑO FLORES,SHORT DE BAÑO,"$59.990,00","$21.304,00",1
845715,SHORT DE BAÑO HAWAII,SHORT DE BAÑO,"$59.990,00","$21.304,00",1
845308,SHORT DE BAÑO HOJAS,SHORT DE BAÑO,"$59.990,00","$21.304,00",1
425501,SHORT DE BAÑO LISO,SHORT DE BAÑO,"$59.990,00","$21.304,00",9
845305,SHORT DE BAÑO LISO,SHORT DE BAÑO,"$59.990,00","$21.304,00",3
845718,SHORT DE BAÑO LISO,SHORT DE BAÑO,"$59.990,00","$21.304,00",2
425302,SHORT DE BAÑO LISO GASTADO,SHORT DE BAÑO,"$59.990,00","$21.304,00",3
425505,SHORT DE BAÑO PAINT,SHORT DE BAÑO,"$59.990,00","$21.304,00",4
845719,SHORT DE BAÑO PALM,SHORT DE BAÑO,"$59.990,00","$21.304,00",0
425507,SHORT DE BAÑO PALMERAS,SHORT DE BAÑO,"$59.990,00","$21.304,00",2
425304,SHORT DE BAÑO PALMERAS,SHORT DE BAÑO,"$59.990,00","$21.304,00",0
425504,SHORT DE BAÑO POLONIO,SHORT DE BAÑO,"$59.990,00","$21.304,00",0
845716,SHORT DE BAÑO RAYADO,SHORT DE BAÑO,"$59.990,00","$21.304,00",8
425308,SHORT DE BAÑO RAYADO,SHORT DE BAÑO,"$59.990,00","$21.304,00",1
425510,SHORT DE BAÑO RAYAS,SHORT DE BAÑO,"$59.990,00","$21.304,00",1
904303,SHORT PRINT TOUCH,SHORT DE BAÑO,"$59.990,00","$21.304,00",1
845105,TRAJE DE BAÑO,SHORT DE BAÑO,"$59.990,00","$21.304,00",2
844921,TRAJE DE BAÑO ANCLA,SHORT DE BAÑO,"$59.990,00","$21.304,00",0
264919,TRAJE DE BAÑO BASICO,SHORT DE BAÑO,"$59.990,00","$21.304,00",2
425101,TRAJE DE BAÑO BEACH,SHORT DE BAÑO,"$59.990,00","$21.304,00",0
845108,TRAJE DE BAÑO BIRD,SHORT DE BAÑO,"$59.990,00","$21.304,00",1
844922,TRAJE DE BAÑO FLAMENCO,SHORT DE BAÑO,"$59.990,00","$21.304,00",0
844912,TRAJE DE BAÑO FLOR,SHORT DE BAÑO,"$59.990,00","$21.304,00",1
844911,TRAJE DE BAÑO HOJAS,SHORT DE BAÑO,"$59.990,00","$21.304,00",0
264911,TRAJE DE BAÑO HORIZONTAL,SHORT DE BAÑO,"$59.990,00","$21.304,00",2
425102,TRAJE DE BAÑO LEAF,SHORT DE BAÑO,"$59.990,00","$21.304,00",0
264704,TRAJE DE BAÑO LINEN,SHORT DE BAÑO,"$59.990,00","$21.304,00",1
424901,TRAJE DE BAÑO LISO,SHORT DE BAÑO,"$59.990,00","$21.304,00",2
264908,TRAJE DE BAÑO LISO,SHORT DE BAÑO,"$59.990,00","$21.304,00",1
844908,TRAJE DE BAÑO LISO,SHORT DE BAÑO,"$59.990,00","$21.304,00",0
845103,TRAJE DE BAÑO PALM BEACH,SHORT DE BAÑO,"$59.990,00","$21.304,00",0
904503,TRAJE DE BAÑO RAYO,SHORT DE BAÑO,"$59.990,00","$21.304,00",0
904507,TRAJE DE BAÑO STRIPES,SHORT DE BAÑO,"$59.990,00","$21.304,00",0
264705,TRAJE DE BAÑO STRIPES LINEN,SHORT DE BAÑO,"$59.990,00","$21.304,00",0
844909,TRAJE DE BAÑO TROPICAL,SHORT DE BAÑO,"$59.990,00","$21.304,00",0
264914,TRAJE DE BAÑO VERTICAL,SHORT DE BAÑO,"$59.990,00","$21.304,00",0
845901,TRAJE DE BAÑO GALAPAGOS,SHORT DE BAÑO,"$59.990,00","$21.695,00",10
425902,TRAJE DE BAÑO NET,SHORT DE BAÑO,"$59.990,00","$21.695,00",16
425701,TRAJE DE BAÑO OASIS,SHORT DE BAÑO,"$59.990,00","$25.652,00",2
425901,TRAJE DE BAÑO JERI,SHORT DE BAÑO,"$59.990,00","$26.043,00",33
360001,SWEATER BASIC CON PITUCONES,SWEATERS,"$114.000,00","$32.565,00",2
525401,SWEATER COMBINADO,SWEATERS,"$114.000,00","$32.565,00",2
365101,SWEATER CON PITUCONES,SWEATERS,"$114.000,00","$32.565,00",1
375003,SWEATER CRUZ,SWEATERS,"$114.000,00","$32.565,00",0
845015,SWEATER CUELLO O,SWEATERS,"$114.000,00","$32.565,00",0
375002,SWEATER DAD,SWEATERS,"$114.000,00","$32.565,00",1
525206,SWEATER ELASTIZADO,SWEATERS,"$114.000,00","$32.565,00",0
845016,SWEATER ESCOTE V,SWEATERS,"$114.000,00","$32.565,00",0
155404,SWEATER LIVIANO,SWEATERS,"$114.000,00","$32.565,00",8
520006,SWEATER LUNARES,SWEATERS,"$114.000,00","$32.565,00",5
525204,SWEATER LUNARES,SWEATERS,"$114.000,00","$32.565,00",2
205403,SWEATER MEDIO CIERRE SERIDO,SWEATERS,"$114.000,00","$32.565,00",4
205404,SWEATER MELANGE,SWEATERS,"$114.000,00","$32.565,00",3
375001,SWEATER O,SWEATERS,"$114.000,00","$32.565,00",1
364901,SWEATER O BASIC,SWEATERS,"$114.000,00","$32.565,00",2
364801,SWEATER O BASIC,SWEATERS,"$114.000,00","$32.565,00",0
365001,SWEATER O BASIC,SWEATERS,"$114.000,00","$32.565,00",-1
205201,SWEATER O BASIC LANA,SWEATERS,"$114.000,00","$32.565,00",2
525203,SWEATER O COMBINADO,SWEATERS,"$114.000,00","$32.565,00",-1
365602,SWEATER PINTUCONES,SWEATERS,"$114.000,00","$32.565,00",3
525201,SWEATER POLERA,SWEATERS,"$114.000,00","$32.565,00",2
365401,SWEATER TRENZA,SWEATERS,"$114.000,00","$32.565,00",4
375009,SWEATER TRICOLOR,SWEATERS,"$114.000,00","$32.565,00",1
205202,SWEATER V BASIC LANA,SWEATERS,"$114.000,00","$32.565,00",7
525603,SWEATER V VIVO COMBINADO,SWEATERS,"$114.000,00","$32.565,00",0
520007,SWEATER VIVO COMBINADO ROD,SWEATERS,"$114.000,00","$32.565,00",3
375010,CAMPERA DAD,SWEATERS,"$114.000,00","$34.304,00",2
205402,CAMPERA SERIDO,SWEATERS,"$114.000,00","$34.304,00",5
520003,SWEATER CAMPERA,SWEATERS,"$114.000,00","$34.304,00",5
520002,SWEATER MEDIO CIERRE,SWEATERS,"$114.000,00","$34.304,00",1
175801,SWEATER PANAL CAINE,SWEATERS,"$114.000,00","$34.347,00",1
525602,SWEATER LISO O CANADA,SWEATERS,"$114.000,00","$34.739,00",3
175802,SWEATER DEAN,SWEATERS,"$114.000,00","$38.695,00",4
525805,SWEATER OVER DELON RAYADO,SWEATERS,"$114.000,00","$38.695,00",2
520001,SWEATER V BASIC,SWEATERS,"$114.000,00","$38.695,00",21
520004,SWEATER BASICO CUELLO O,SWEATERS,"$114.000,00","$43.043,00",11
525607,SWEATER RAGLAN EVEREST,SWEATERS,"$114.000,00","$43.043,00",2
525701,SWEATER RAYADO POLINESIA,SWEATERS,"$114.000,00","$43.043,00",2
935601,SWEATER BARILOCHE,SWEATERS,"$119.990,00","$52.130,00",3
205801,SWEATER O HESTON,SWEATERS,"$128.990,00","$56.086,00",0
365801,SWEATER ZIP GRANT,SWEATERS,"$128.990,00","$56.986,00",9